{"loss": [0.5404316782951355, 0.10434897243976593, 0.07063444703817368, 0.060896024107933044, 0.0499570295214653, 0.041544727981090546, 0.037798453122377396, 0.03596846014261246, 0.034481391310691833, 0.029723607003688812], "accuracy": [0.9008499979972839, 0.9684833288192749, 0.9781666398048401, 0.9811999797821045, 0.9848499894142151, 0.9868999719619751, 0.9886999726295471, 0.9886666536331177, 0.9890499711036682, 0.9908000230789185]}