{"loss": [1.1864910125732422, 0.7326211333274841, 0.586037814617157, 0.548393189907074], "classifier_loss": [0.08372059464454651, 0.0466492734849453, 0.036623720079660416, 0.03728429600596428], "embedder_loss": [1.1027710437774658, 0.6859715580940247, 0.5494140982627869, 0.5111083388328552], "classifier_accuracy": [0.9808499813079834, 0.987333357334137, 0.9895666837692261, 0.9892333149909973]}