{"loss": [0.06988917291164398, 0.031040707603096962, 0.028407366946339607, 0.022429006174206734], "accuracy": [0.9805833101272583, 0.9906333088874817, 0.9918166399002075, 0.9932000041007996]}