{"loss": [0.4142289459705353, 0.20280838012695312, 0.18313424289226532, 0.17744748294353485], "classifier_loss": [0.07404642552137375, 0.030298778787255287, 0.025424325838685036, 0.02793428674340248], "embedder_loss": [0.34018251299858093, 0.17250953614711761, 0.15770979225635529, 0.14951305091381073], "classifier_accuracy": [0.9858166575431824, 0.9917333126068115, 0.9929500222206116, 0.992816686630249]}