{"loss": [0.07431584596633911, 0.03435993939638138, 0.029309727251529694, 0.025742914527654648], "accuracy": [0.9802333116531372, 0.9896166920661926, 0.9913833141326904, 0.9921500086784363]}