{"loss": [0.6208298206329346, 0.11167532205581665, 0.07948855310678482, 0.0644964948296547, 0.05494844540953636, 0.05073617771267891, 0.0475463829934597, 0.03907816857099533, 0.03492080792784691, 0.03437182307243347], "accuracy": [0.8954166769981384, 0.966783344745636, 0.9755833148956299, 0.9807833433151245, 0.9828000068664551, 0.9843999743461609, 0.9856666922569275, 0.9875166416168213, 0.9892500042915344, 0.989633321762085]}